Row number,Utility,Novelty,fc 28-d - Target (MPa),Uncertainty (fc 28-d - Target (MPa)),CO2 (kg/t),SiO2,CaO,SO3,FA (kg/m3),GGBFS (kg/m3),Coarse aggregate (kg/m3),Fine aggregate (kg/m3),Total aggregates,Na2SiO3,Na2O (Dry),Sio2 (Dry),Superplasticizer,water -eff
1,0.5498758,0.5032436336300758,-0.024949417,0.6532452402100701,-0.04537282,52.295,12.58,0.27,252,108,1090.8,774.0,1864.8,115.71429,13.31,34.71,14.4,107.80714
2,0.023677131,0.5592243015934166,-0.0013326183,0.8971184103888271,-0.05628293,52.295,12.58,0.27,252,108,1090.8,774.0,1864.8,128.57143,14.79,38.57,14.4,118.82571
3,-0.48933738,0.5908073002254844,0.027499229,0.7062374201897594,-0.05619687,52.295,12.58,0.27,252,108,1090.8,774.0,1864.8,141.42857,16.26,42.43,14.4,129.84429
4,-1.3206384,0.5949900717786398,0.047689807,0.7727909641001273,-0.036111176,52.295,12.58,0.27,252,108,1090.8,774.0,1864.8,154.28571,17.74,46.29,14.4,140.86286
5,-0.7917159,0.5347990347124312,0.013947204,0.7794424451544191,-0.017616425,52.295,12.58,0.27,294,126,966.0,810.6,1776.6,135.0,15.53,40.5,16.8,125.775
6,-8.142264,0.5577756380271669,0.049745243,1.6375041617759019,-0.0061095096,52.295,12.58,0.27,294,126,966.0,810.6,1776.6,150.0,17.25,45.0,16.8,138.63
7,71.835945,0.5474486575731862,0.099291116,1.2322980821813423,0.0013821926,52.295,12.58,0.27,294,126,966.0,810.6,1776.6,165.0,18.98,49.5,16.8,151.485
8,-12.010537,0.5052583244653023,0.16217528,0.22018354643049787,-0.013502751,52.295,12.58,0.27,294,126,966.0,810.6,1776.6,180.0,20.7,54.0,16.8,164.34
9,1.3037724,0.5660529296455248,0.055533614,1.3062256946678246,0.04259456,52.295,12.58,0.27,315,135,972.0,760.5,1732.5,144.64286,16.63,43.39,18.0,134.75893
10,1.101024,0.5687645360277795,0.13084064,0.33482467047352654,0.11883541,52.295,12.58,0.27,315,135,972.0,760.5,1732.5,160.71429,18.48,48.21,18.0,148.53214
11,1.4067452,0.5322363268338579,0.19317454,0.20455722213915928,0.1373202,52.295,12.58,0.27,315,135,972.0,760.5,1732.5,176.78571,20.33,53.04,18.0,162.30536
12,2.2988784,0.46191049841384946,0.25586993,0.9487862877967117,0.11130207,52.295,12.58,0.27,315,135,972.0,760.5,1732.5,192.85714,22.18,57.86,18.0,176.07857
13,0.58297646,0.5470919423877509,-0.023111843,1.5941059773188178,-0.039644554,49.69,15.44,0.36,216,144,1090.8,774.0,1864.8,115.71429,13.31,34.71,14.4,107.80714
14,-0.097005025,0.607060452894514,0.002815187,1.472920661563387,-0.029021043,49.69,15.44,0.36,216,144,1090.8,774.0,1864.8,128.57143,14.79,38.57,14.4,118.82571
15,-1.6433548,0.640729046499293,0.017205648,1.1469471867069065,-0.0104698315,49.69,15.44,0.36,216,144,1090.8,774.0,1864.8,141.42857,16.26,42.43,14.4,129.84429
16,-1.5364676,0.6446293672211809,0.022512607,0.48031057005546823,-0.014652185,49.69,15.44,0.36,216,144,1090.8,774.0,1864.8,154.28571,17.74,46.29,14.4,140.86286
17,0.51624244,0.586803968002138,-0.005007319,0.5292601906142886,-0.0096995495,49.69,15.44,0.36,252,168,966.0,810.6,1776.6,135.0,15.53,40.5,16.8,125.775
18,-0.9676804,0.6117441771109973,0.016373776,0.15598554792746797,-0.016920645,49.69,15.44,0.36,252,168,966.0,810.6,1776.6,150.0,17.25,45.0,16.8,138.63
19,-10.749475,0.6005878316675355,0.08640063,0.1157295042137953,-0.00803766,49.69,15.44,0.36,252,168,966.0,810.6,1776.6,165.0,18.98,49.5,16.8,151.485
20,-7.466789,0.5550401090282429,0.16102743,1.6587954710114698,-0.021565821,49.69,15.44,0.36,252,168,966.0,810.6,1776.6,180.0,20.7,54.0,16.8,164.34
21,45.9883,0.6261518374485825,0.053791407,1.7066132656806163,0.001169676,49.69,15.44,0.36,270,180,972.0,760.5,1732.5,144.64286,16.63,43.39,18.0,134.75893
22,1.9716952,0.6294253227324267,0.18048647,1.2649387866998878,0.09153873,49.69,15.44,0.36,270,180,972.0,760.5,1732.5,160.71429,18.48,48.21,18.0,148.53214
23,2.7076445,0.5897401617796756,0.2634677,0.5445509078876148,0.097305134,49.69,15.44,0.36,270,180,972.0,760.5,1732.5,176.78571,20.33,53.04,18.0,162.30536
24,5.955506,0.5135745745141125,0.31118557,0.28737285788867545,0.052251745,49.69,15.44,0.36,270,180,972.0,760.5,1732.5,192.85714,22.18,57.86,18.0,176.07857
25,1.2942778,0.4995828157401633,-0.1050365,0.18049000482039088,-0.081154525,47.085,18.3,0.45,180,180,1090.8,774.0,1864.8,115.71429,13.31,34.71,14.4,107.80714
26,1.4143118,0.5552410393119793,-0.070638165,1.567068559911919,-0.049945258,47.085,18.3,0.45,180,180,1090.8,774.0,1864.8,128.57143,14.79,38.57,14.4,118.82571
27,1.372298,0.5865865209592054,-0.043766066,1.4532934365310806,-0.031892538,47.085,18.3,0.45,180,180,1090.8,774.0,1864.8,141.42857,16.26,42.43,14.4,129.84429
28,7.2374177,0.5906640725178631,-0.040261284,1.4362767070069011,-0.005562935,47.085,18.3,0.45,180,180,1090.8,774.0,1864.8,154.28571,17.74,46.29,14.4,140.86286
29,1.0923634,0.5363637350418791,-0.09741783,1.2269207820888162,-0.08918079,47.085,18.3,0.45,210,210,966.0,810.6,1776.6,135.0,15.53,40.5,16.8,125.775
30,1.511558,0.5592653535381518,-0.08180535,1.7600131074666563,-0.054119885,47.085,18.3,0.45,210,210,966.0,810.6,1776.6,150.0,17.25,45.0,16.8,138.63
31,0.6068938,0.5487930685325302,-0.02025292,1.724090164541998,-0.03337144,47.085,18.3,0.45,210,210,966.0,810.6,1776.6,165.0,18.98,49.5,16.8,151.485
32,-2.6851442,0.5064306187821964,0.06287515,1.1230230841237696,-0.02341593,47.085,18.3,0.45,210,210,966.0,810.6,1776.6,180.0,20.7,54.0,16.8,164.34
33,-0.6895993,0.571349693275905,0.0642005,0.9449562588789981,-0.09309827,47.085,18.3,0.45,225,225,972.0,760.5,1732.5,144.64286,16.63,43.39,18.0,134.75893
34,-4.6452236,0.5739326778732483,0.13144597,0.43793866802282955,-0.028297018,47.085,18.3,0.45,225,225,972.0,760.5,1732.5,160.71429,18.48,48.21,18.0,148.53214
35,22.118282,0.5370163432725368,0.18715075,0.7141471727814834,0.00846136,47.085,18.3,0.45,225,225,972.0,760.5,1732.5,176.78571,20.33,53.04,18.0,162.30536
36,-17.87196,0.46616410434762745,0.23470335,1.174083445242458,-0.01313249,47.085,18.3,0.45,225,225,972.0,760.5,1732.5,192.85714,22.18,57.86,18.0,176.07857
37,0.5491115,0.5032192828689616,-0.024848476,0.4015386181276118,-0.04525215,52.295,12.58,0.27,252,108,1090.8446,773.9554,1864.8,115.71429,13.31,34.71,14.4,107.80714
38,0.62090755,0.5323579837310379,-0.027480274,1.0352988316008063,-0.044258237,52.295,12.58,0.27,259,111,1081.5584,775.84155,1857.4,118.92857,13.68,35.68,14.8,110.80179
39,0.6161424,0.5587848808246901,-0.023068644,1.9962651945212868,-0.03744044,52.295,12.58,0.27,266,114,1070.4551,776.34486,1846.8,122.14286,14.05,36.64,15.2,113.79643
40,0.47966775,0.5813480650954428,-0.010910228,1.1942726680450515,-0.022745386,52.295,12.58,0.27,273,117,1057.564,775.43599,1833.0,125.35714,14.42,37.61,15.6,116.79107
41,-1.1217159,0.5978187195031069,0.0036772043,0.3274810630119844,-0.0032781959,52.295,12.58,0.27,280,120,1043.045,772.95498,1816.0,128.57143,14.79,38.57,16.0,119.78571
42,2.1379185,0.605285041273725,0.011219829,0.7778518064558027,0.0052480157,52.295,12.58,0.27,287,123,1026.6499,769.15012,1795.8,131.78571,15.16,39.54,16.4,122.78036
43,1.9937725,0.6033932540761228,0.012994237,1.9975741752840184,0.006517412,52.295,12.58,0.27,294,126,1010.9298,765.67018,1776.6,135.0,15.53,40.5,16.8,125.775
44,-9.4068985,0.5756471209663085,0.019859321,0.298346439080529,-0.0021111444,52.295,12.58,0.27,301,129,967.96105,795.03895,1763.0,138.21429,15.89,41.46,17.2,128.76964
45,5.1782446,0.5884906321249002,0.030005556,0.3233809378861265,0.005794542,52.295,12.58,0.27,308,132,969.46003,777.33997,1746.8,141.42857,16.26,42.43,17.6,131.76429
46,1.3051208,0.5660991262463768,0.05552257,0.30440992593013655,0.04254209,52.295,12.58,0.27,315,135,971.96195,760.53805,1732.5,144.64286,16.63,43.39,18.0,134.75893
47,0.5805904,0.5470660692483447,-0.022942998,1.6017631944988995,-0.039516665,49.69,15.44,0.36,216,144,1090.8446,773.9554,1864.8,115.71429,13.31,34.71,14.4,107.80714
48,0.43466714,0.5794846636364017,-0.015319407,1.778709576303571,-0.035243995,49.69,15.44,0.36,222,148,1081.5584,775.84155,1857.4,118.92857,13.68,35.68,14.8,110.80179
49,0.0911578,0.6091704033419392,-0.0023039058,1.6082877331210963,-0.025273819,49.69,15.44,0.36,228,152,1070.4551,776.34486,1846.8,122.14286,14.05,36.64,15.2,113.79643
50,-1.0080832,0.6348226550605445,0.012674086,1.5389870271710417,-0.01257246,49.69,15.44,0.36,234,156,1057.564,775.43599,1833.0,125.35714,14.42,37.61,15.6,116.79107
51,-9.972909,0.6539441026334336,0.020806782,1.5686430181503808,-0.0020863302,49.69,15.44,0.36,240,160,1043.045,772.95498,1816.0,128.57143,14.79,38.57,16.0,119.78571
52,2.9212735,0.6632738804395243,0.015480503,1.7532279654705796,0.005299231,49.69,15.44,0.36,246,164,1026.6499,769.15012,1795.8,131.78571,15.16,39.54,16.4,122.78036
53,13.321911,0.662473043060896,0.02694884,1.1765113060737924,0.002022896,49.69,15.44,0.36,252,168,1010.9298,765.67018,1776.6,135.0,15.53,40.5,16.8,125.775
54,-26.644867,0.6331894439636235,0.024374798,1.6533222590662635,-0.0009148028,49.69,15.44,0.36,258,172,967.96105,795.03895,1763.0,138.21429,15.89,41.46,17.2,128.76964
55,-6.7255898,0.6491811648235308,0.046254445,0.9823459323171887,-0.0068773814,49.69,15.44,0.36,264,176,969.46003,777.33997,1746.8,141.42857,16.26,42.43,17.6,131.76429
56,49.059425,0.6262030176289537,0.05378498,0.4392195734746982,0.0010963231,49.69,15.44,0.36,270,180,971.96195,760.53805,1732.5,144.64286,16.63,43.39,18.0,134.75893
57,1.2930758,0.4995586095165563,-0.104900554,1.5645049897445058,-0.08112483,47.085,18.3,0.45,180,180,1090.8446,773.9554,1864.8,115.71429,13.31,34.71,14.4,107.80714
58,1.2143096,0.5294064033313741,-0.095234066,1.2319101431245423,-0.07842651,47.085,18.3,0.45,185,185,1081.5584,775.84155,1857.4,118.92857,13.68,35.68,14.8,110.80179
59,1.0467912,0.5566570487394225,-0.077819645,1.9941715272196394,-0.07434113,47.085,18.3,0.45,190,190,1070.4551,776.34486,1846.8,122.14286,14.05,36.64,15.2,113.79643
60,0.7686788,0.5801439436733109,-0.05467485,0.8675873539293945,-0.071128346,47.085,18.3,0.45,195,195,1057.564,775.43599,1833.0,125.35714,14.42,37.61,15.6,116.79107
61,0.33529705,0.5976151829832617,-0.027695984,0.43087135548324024,-0.08260133,47.085,18.3,0.45,200,200,1043.045,772.95498,1816.0,128.57143,14.79,38.57,16.0,119.78571
62,0.05856476,0.606124175229476,-0.0053983703,1.7517279197062312,-0.09217779,47.085,18.3,0.45,205,205,1026.6499,769.15012,1795.8,131.78571,15.16,39.54,16.4,122.78036
63,-0.13052341,0.6053110593207005,0.012107432,0.7374765431113173,-0.092760615,47.085,18.3,0.45,210,210,1010.9298,765.67018,1776.6,135.0,15.53,40.5,16.8,125.775
64,0.24118347,0.5785175281662562,-0.026085809,1.6523087315555327,-0.10815753,47.085,18.3,0.45,215,215,967.96105,795.03895,1763.0,138.21429,15.89,41.46,17.2,128.76964
65,-0.2921339,0.5926784237513905,0.03052453,0.489499794213599,-0.10448815,47.085,18.3,0.45,220,220,969.46003,777.33997,1746.8,141.42857,16.26,42.43,17.6,131.76429
66,-0.68877417,0.5713962611468965,0.06416373,1.110531984668225,-0.09315641,47.085,18.3,0.45,225,225,971.96195,760.53805,1732.5,144.64286,16.63,43.39,18.0,134.75893
67,0.022515884,0.5591968818182225,-0.0012652501,0.7119711190206214,-0.056193672,52.295,12.58,0.27,252,108,1090.8446,773.9554,1864.8,128.57143,14.79,38.57,14.4,118.82571
68,-0.072536655,0.585349449163618,0.0033777133,1.8081557784298241,-0.046565607,52.295,12.58,0.27,259,111,1081.5584,775.84155,1857.4,132.14286,15.2,39.64,14.8,122.12643
69,-0.29770806,0.6079675660261831,0.009231754,0.3665349194154693,-0.031009417,52.295,12.58,0.27,266,114,1070.4551,776.34486,1846.8,135.71429,15.61,40.71,15.2,125.42714
70,-1.321379,0.6258945895295293,0.019017123,0.6310625151133299,-0.014391877,52.295,12.58,0.27,273,117,1057.564,775.43599,1833.0,139.28571,16.02,41.79,15.6,128.72786
71,-19.555262,0.6369627007973999,0.031297036,1.4053362207435471,-0.0016004406,52.295,12.58,0.27,280,120,1043.045,772.95498,1816.0,142.85714,16.43,42.86,16.0,132.02857
72,3.2690365,0.6382222174230188,0.03995521,0.25839604631342594,0.01222232,52.295,12.58,0.27,287,123,1026.6499,769.15012,1795.8,146.42857,16.84,43.93,16.4,135.32929
73,1.6738825,0.6293915707156972,0.05361114,1.8085501777010482,0.03202802,52.295,12.58,0.27,294,126,1010.9298,765.67018,1776.6,150.0,17.25,45.0,16.8,138.63
74,2.1590948,0.5934791496639802,0.076001644,0.5530324062136226,0.035200696,52.295,12.58,0.27,301,129,967.96105,795.03895,1763.0,153.57143,17.66,46.07,17.2,141.93071
75,1.3695474,0.5994055228235959,0.09303514,0.581326419939994,0.0679313,52.295,12.58,0.27,308,132,969.46003,777.33997,1746.8,157.14286,18.07,47.14,17.6,145.23143
76,1.1013688,0.5688118124645769,0.13081467,1.9175584736239748,0.11877463,52.295,12.58,0.27,315,135,971.96195,760.53805,1732.5,160.71429,18.48,48.21,18.0,148.53214
77,-0.102988064,0.6070310968800767,0.0029787198,0.9374956664184075,-0.02892296,49.69,15.44,0.36,216,144,1090.8446,773.9554,1864.8,128.57143,14.79,38.57,14.4,118.82571
78,-0.67761457,0.6364879748234815,0.013730451,1.9149762747859875,-0.020262923,49.69,15.44,0.36,222,148,1081.5584,775.84155,1857.4,132.14286,15.2,39.64,14.8,122.12643
79,-3.5887668,0.6622786827409908,0.029450793,0.6075999045625011,-0.008206382,49.69,15.44,0.36,228,152,1070.4551,776.34486,1846.8,135.71429,15.61,40.71,15.2,125.42714
80,12.062233,0.6830957870274685,0.046541307,1.5631323131601575,0.0038584322,49.69,15.44,0.36,234,156,1057.564,775.43599,1833.0,139.28571,16.02,41.79,15.6,128.72786
81,3.2417817,0.6965074291363476,0.058884088,0.825021031016533,0.018164113,49.69,15.44,0.36,240,160,1043.045,772.95498,1816.0,142.85714,16.43,42.86,16.0,132.02857
82,1.9175988,0.6992136835023733,0.06845708,1.159674463237013,0.035699375,49.69,15.44,0.36,246,164,1026.6499,769.15012,1795.8,146.42857,16.84,43.93,16.4,135.32929
83,1.651911,0.6909534587226338,0.08344726,0.20053891588057343,0.050515592,49.69,15.44,0.36,252,168,1010.9298,765.67018,1776.6,150.0,17.25,45.0,16.8,138.63
84,3.62124,0.6528049413928231,0.08933871,0.49845030337964336,0.024670752,49.69,15.44,0.36,258,172,967.96105,795.03895,1763.0,153.57143,17.66,46.07,17.2,141.93071
85,3.6618178,0.661386377156746,0.15250583,1.2046817519575068,0.041647576,49.69,15.44,0.36,264,176,969.46003,777.33997,1746.8,157.14286,18.07,47.14,17.6,145.23143
86,1.9747212,0.6294777980389641,0.18058014,1.143883455556729,0.09144589,49.69,15.44,0.36,270,180,971.96195,760.53805,1732.5,160.71429,18.48,48.21,18.0,148.53214
87,1.4119707,0.5552137994376546,-0.07046841,0.9964208468275495,-0.04990784,47.085,18.3,0.45,180,180,1090.8446,773.9554,1864.8,128.57143,14.79,38.57,14.4,118.82571
88,1.1658523,0.5821255125530994,-0.0546239,1.7184397343342779,-0.046853192,47.085,18.3,0.45,185,185,1081.5584,775.84155,1857.4,132.14286,15.2,39.64,14.8,122.12643
89,0.725392,0.6056156423546621,-0.029682882,1.934295179116687,-0.04091978,47.085,18.3,0.45,190,190,1070.4551,776.34486,1846.8,135.71429,15.61,40.71,15.2,125.42714
90,0.039445076,0.6245073069024354,-0.0014220402,0.6584267282982882,-0.036051147,47.085,18.3,0.45,195,195,1057.564,775.43599,1833.0,139.28571,16.02,41.79,15.6,128.72786
91,-0.8083585,0.6366073353353592,0.03075352,0.648629636524427,-0.038044408,47.085,18.3,0.45,200,200,1043.045,772.95498,1816.0,142.85714,16.43,42.86,16.0,132.02857
92,-1.3505557,0.6389325701255498,0.046354678,1.4771781606366245,-0.03432267,47.085,18.3,0.45,205,205,1026.6499,769.15012,1795.8,146.42857,16.84,43.93,16.4,135.32929
93,-1.6985803,0.6311983569256572,0.0639734,0.8084285868470669,-0.037662864,47.085,18.3,0.45,210,210,1010.9298,765.67018,1776.6,150.0,17.25,45.0,16.8,138.63
94,-0.25327036,0.5962685159882447,0.0143135935,1.6289929286357696,-0.056515075,47.085,18.3,0.45,215,215,967.96105,795.03895,1763.0,153.57143,17.66,46.07,17.2,141.93071
95,-1.2924439,0.6034915974535626,0.08054512,0.8157762100404251,-0.062320016,47.085,18.3,0.45,220,220,969.46003,777.33997,1746.8,157.14286,18.07,47.14,17.6,145.23143
96,-4.6319246,0.5739803225872043,0.13141786,0.6908564025249438,-0.02837219,47.085,18.3,0.45,225,225,971.96195,760.53805,1732.5,160.71429,18.48,48.21,18.0,148.53214
97,-0.4916031,0.5907779868335505,0.027586363,1.7596859089512042,-0.056115113,52.295,12.58,0.27,252,108,1090.8446,773.9554,1864.8,141.42857,16.26,42.43,14.4,129.84429
98,-0.79997885,0.6108765959750135,0.030893225,1.082681498569169,-0.03861755,52.295,12.58,0.27,259,111,1081.5584,775.84155,1857.4,145.35714,16.72,43.61,14.8,133.45107
99,-2.3471842,0.6266481905658929,0.03154433,0.8973574350656842,-0.013439223,52.295,12.58,0.27,266,114,1070.4551,776.34486,1846.8,149.28571,17.17,44.79,15.2,137.05786
100,2.7814078,0.6371381291261288,0.040817596,1.2367475036785505,0.014675156,52.295,12.58,0.27,273,117,1057.564,775.43599,1833.0,153.21429,17.62,45.96,15.6,140.66464
101,1.4898703,0.6404382942663928,0.057836756,0.41509547534446506,0.038819995,52.295,12.58,0.27,280,120,1043.045,772.95498,1816.0,157.14286,18.07,47.14,16.0,144.27143
102,1.5228947,0.6338151821178089,0.08661603,0.6648562722839696,0.056875914,52.295,12.58,0.27,287,123,1026.6499,769.15012,1795.8,161.07143,18.52,48.32,16.4,147.87821
103,1.4760966,0.6169081047088232,0.120630965,1.0436088912199124,0.081722945,52.295,12.58,0.27,294,126,1010.9298,765.67018,1776.6,165.0,18.98,49.5,16.8,151.485
104,2.3527513,0.5737448383845785,0.13737395,0.8059268838981859,0.058388643,52.295,12.58,0.27,301,129,967.96105,795.03895,1763.0,168.92857,19.43,50.68,17.2,155.09179
105,1.4882622,0.5704239038822301,0.17576516,1.260428829907181,0.11810094,52.295,12.58,0.27,308,132,969.46003,777.33997,1746.8,172.85714,19.88,51.86,17.6,158.69857
106,1.4068089,0.5322808731344483,0.1931727,0.4888638023462814,0.13731268,52.295,12.58,0.27,315,135,971.96195,760.53805,1732.5,176.78571,20.33,53.04,18.0,162.30536
107,-1.6505716,0.6406975196357265,0.017371736,1.5255386047655595,-0.010524679,49.69,15.44,0.36,216,144,1090.8446,773.9554,1864.8,141.42857,16.26,42.43,14.4,129.84429
108,-13.3081,0.6636802613373078,0.02954806,1.5734369926137355,-0.0022203065,49.69,15.44,0.36,222,148,1081.5584,775.84155,1857.4,145.35714,16.72,43.61,14.8,133.45107
109,4.2294164,0.6820931278736414,0.04871948,1.8833384888109987,0.011519197,49.69,15.44,0.36,228,152,1070.4551,776.34486,1846.8,149.28571,17.17,44.79,15.2,137.05786
110,2.096373,0.6948648745002796,0.068171,1.0641524893825627,0.032518543,49.69,15.44,0.36,234,156,1057.564,775.43599,1833.0,153.21429,17.62,45.96,15.6,140.66464
111,1.5969919,0.6998705167289758,0.093685485,0.29003245218761947,0.05866372,49.69,15.44,0.36,240,160,1043.045,772.95498,1816.0,157.14286,18.07,47.14,16.0,144.27143
112,1.8935431,0.6940781944418547,0.12469366,0.6258121453141319,0.06585203,49.69,15.44,0.36,246,164,1026.6499,769.15012,1795.8,161.07143,18.52,48.32,16.4,147.87821
113,1.9921167,0.677125893090764,0.16019416,0.20216574425776368,0.08041404,49.69,15.44,0.36,252,168,1010.9298,765.67018,1776.6,165.0,18.98,49.5,16.8,151.485
114,6.0909553,0.6313199766217368,0.17997983,1.918056292359616,0.029548703,49.69,15.44,0.36,258,172,967.96105,795.03895,1763.0,168.92857,19.43,50.68,17.2,155.09179
115,3.4203255,0.6297700118973356,0.23513895,1.5520310977529637,0.068747535,49.69,15.44,0.36,264,176,969.46003,777.33997,1746.8,172.85714,19.88,51.86,17.6,158.69857
116,2.7090857,0.5897893307224742,0.26351562,0.10185745842210031,0.097271055,49.69,15.44,0.36,270,180,971.96195,760.53805,1732.5,176.78571,20.33,53.04,18.0,162.30536
117,1.3661507,0.5865574168371083,-0.04357873,1.1863394353979941,-0.031898916,47.085,18.3,0.45,180,180,1090.8446,773.9554,1864.8,141.42857,16.26,42.43,14.4,129.84429
118,1.270187,0.6074476416301008,-0.033106975,1.042694395440219,-0.026064645,47.085,18.3,0.45,185,185,1081.5584,775.84155,1857.4,145.35714,16.72,43.61,14.8,133.45107
119,0.5597366,0.624110292738475,-0.0097662285,0.22112868941318212,-0.0174479,47.085,18.3,0.45,190,190,1070.4551,776.34486,1846.8,149.28571,17.17,44.79,15.2,137.05786
120,2.9106705,0.6355677395724477,0.014901169,1.6298023644426607,0.005119497,47.085,18.3,0.45,195,195,1057.564,775.43599,1833.0,153.21429,17.62,45.96,15.6,140.66464
121,2.0718362,0.6398896389676978,0.037898056,0.8246878049657922,0.018292014,47.085,18.3,0.45,200,200,1043.045,772.95498,1816.0,157.14286,18.07,47.14,16.0,144.27143
122,2.9443743,0.6343161499405396,0.07032303,0.27221145760042187,0.02388386,47.085,18.3,0.45,205,205,1026.6499,769.15012,1795.8,161.07143,18.52,48.32,16.4,147.87821
123,3.9419386,0.6184830153191607,0.096162,0.6827753397846632,0.024394596,47.085,18.3,0.45,210,210,1010.9298,765.67018,1776.6,165.0,18.98,49.5,16.8,151.485
124,-4.665335,0.5763088620732761,0.08004182,0.32978405687465323,-0.017156713,47.085,18.3,0.45,215,215,967.96105,795.03895,1763.0,168.92857,19.43,50.68,17.2,155.09179
125,-14.439967,0.574191452129168,0.1377236,1.9257143129994074,-0.009537667,47.085,18.3,0.45,220,220,969.46003,777.33997,1746.8,172.85714,19.88,51.86,17.6,158.69857
126,22.22836,0.5370612017625092,0.1871075,1.6269877675595523,0.008417513,47.085,18.3,0.45,225,225,971.96195,760.53805,1732.5,176.78571,20.33,53.04,18.0,162.30536
127,-1.326145,0.5949602375965474,0.047826983,1.507923699857183,-0.03606467,52.295,12.58,0.27,252,108,1090.8446,773.9554,1864.8,154.28571,17.74,46.29,14.4,140.86286
128,-2.4193237,0.6062155965196085,0.04487433,1.9411294157898549,-0.018548295,52.295,12.58,0.27,259,111,1081.5584,775.84155,1857.4,158.57143,18.24,47.57,14.8,144.77571
129,11.438096,0.6128416184864386,0.05398473,0.5053885400015777,0.0047197305,52.295,12.58,0.27,266,114,1070.4551,776.34486,1846.8,162.85714,18.73,48.86,15.2,148.68857
130,2.5878875,0.6141564732242959,0.06842013,1.8332728021799696,0.026438601,52.295,12.58,0.27,273,117,1057.564,775.43599,1833.0,167.14286,19.22,50.14,15.6,152.60143
131,2.257751,0.6084269832088458,0.08021484,1.913212092617295,0.03552865,52.295,12.58,0.27,280,120,1043.045,772.95498,1816.0,171.42857,19.71,51.43,16.0,156.51429
132,1.8798022,0.5932125966150893,0.11560974,1.7951843246667742,0.061501015,52.295,12.58,0.27,287,123,1026.6499,769.15012,1795.8,175.71429,20.21,52.71,16.4,160.42714
133,1.8656613,0.5682752529470498,0.15334246,1.347535383372717,0.08219201,52.295,12.58,0.27,294,126,1010.9298,765.67018,1776.6,180.0,20.7,54.0,16.8,164.34
134,5.7671165,0.5195237883612677,0.21185155,1.8236311875906186,0.0367344,52.295,12.58,0.27,301,129,967.96105,795.03895,1763.0,184.28571,21.19,55.29,17.2,168.25286
135,2.8590074,0.506107032339493,0.23269422,1.5898673310924658,0.08138987,52.295,12.58,0.27,308,132,969.46003,777.33997,1746.8,188.57143,21.69,56.57,17.6,172.16571
136,2.300101,0.4619493442609408,0.25589305,0.9163945972937836,0.111252956,52.295,12.58,0.27,315,135,971.96195,760.53805,1732.5,192.85714,22.18,57.86,18.0,176.07857
137,-1.5533781,0.6445972527064963,0.022743672,1.4131255519465296,-0.0146414265,49.69,15.44,0.36,216,144,1090.8446,773.9554,1864.8,154.28571,17.74,46.29,14.4,140.86286
138,6.23101,0.6579634423812062,0.03595897,0.13531059455586117,0.00577097,49.69,15.44,0.36,222,148,1081.5584,775.84155,1857.4,158.57143,18.24,47.57,14.8,144.77571
139,2.5208185,0.6664040763664875,0.061935406,0.5500256411287494,0.024569562,49.69,15.44,0.36,228,152,1070.4551,776.34486,1846.8,162.85714,18.73,48.86,15.2,148.68857
140,3.031132,0.6691755429008885,0.09263341,1.6776247880329724,0.030560665,49.69,15.44,0.36,234,156,1057.564,775.43599,1833.0,167.14286,19.22,50.14,15.6,152.60143
141,5.383422,0.6643852996291602,0.12781553,1.734906749359626,0.023742432,49.69,15.44,0.36,240,160,1043.045,772.95498,1816.0,171.42857,19.71,51.43,16.0,156.51429
142,5.3433814,0.6493597866187049,0.1679002,1.7273027531672458,0.03142209,49.69,15.44,0.36,246,164,1026.6499,769.15012,1795.8,175.71429,20.21,52.71,16.4,160.42714
143,4.6087675,0.6238500214391862,0.2024715,0.5238962393439056,0.04393181,49.69,15.44,0.36,252,168,1010.9298,765.67018,1776.6,180.0,20.7,54.0,16.8,164.34
144,-38.738174,0.5724065210597723,0.21557616,0.6147521139700319,-0.005564954,49.69,15.44,0.36,258,172,967.96105,795.03895,1763.0,184.28571,21.19,55.29,17.2,168.25286
145,11.788098,0.5597875536074239,0.25806338,0.6467064908448181,0.021891858,49.69,15.44,0.36,264,176,969.46003,777.33997,1746.8,188.57143,21.69,56.57,17.6,172.16571
146,5.9633355,0.5136169265330583,0.31118387,1.3764448380361816,0.052182853,49.69,15.44,0.36,270,180,971.96195,760.53805,1732.5,192.85714,22.18,57.86,18.0,176.07857
147,7.1850715,0.590634460206739,-0.04013194,1.220122174387071,-0.005585462,47.085,18.3,0.45,180,180,1090.8446,773.9554,1864.8,154.28571,17.74,46.29,14.4,140.86286
148,-2.1271536,0.6026936016484197,-0.032307938,0.6012505841063295,0.015188342,47.085,18.3,0.45,185,185,1081.5584,775.84155,1857.4,158.57143,18.24,47.57,14.8,144.77571
149,-0.2617468,0.6101997049030219,-0.009768523,1.578655279379505,0.03732051,47.085,18.3,0.45,190,190,1070.4551,776.34486,1846.8,162.85714,18.73,48.86,15.2,148.68857
150,0.65981734,0.6124537599306703,0.027887452,1.5164917367896877,0.04226541,47.085,18.3,0.45,195,195,1057.564,775.43599,1833.0,167.14286,19.22,50.14,15.6,152.60143
151,1.7684467,0.607706894471941,0.06633498,0.7146479944105134,0.037510306,47.085,18.3,0.45,200,200,1043.045,772.95498,1816.0,171.42857,19.71,51.43,16.0,156.51429
152,2.9685943,0.5934974279925198,0.100409605,1.3588203521193087,0.033823956,47.085,18.3,0.45,205,205,1026.6499,769.15012,1795.8,175.71429,20.21,52.71,16.4,160.42714
153,7.9167395,0.5695799761989472,0.13526033,1.676192291194913,0.017085359,47.085,18.3,0.45,210,210,1010.9298,765.67018,1776.6,180.0,20.7,54.0,16.8,164.34
154,-6.660328,0.5217909458632877,0.13104583,1.1446407981664497,-0.019675583,47.085,18.3,0.45,215,215,967.96105,795.03895,1763.0,184.28571,21.19,55.29,17.2,168.25286
155,-6.0369034,0.5094428456252627,0.18162137,1.575364123879911,-0.030085187,47.085,18.3,0.45,220,220,969.46003,777.33997,1746.8,188.57143,21.69,56.57,17.6,172.16571
156,-17.790411,0.4662031773294353,0.23465912,1.9820234544274902,-0.013190202,47.085,18.3,0.45,225,225,971.96195,760.53805,1732.5,192.85714,22.18,57.86,18.0,176.07857
